id,street_address,country,postcode,phone
1,67 Portage Way,Indonesia,,352-217-7752
2,50 Milwaukee Avenue,Indonesia,,830-369-9153
3,56 Lakewood Junction,Panama,,703-552-4749
4,390 Cardinal Avenue,China,,498-759-4598
5,2 Delaware Lane,Netherlands,7329,181-437-6544
6,93287 Portage Lane,Germany,47139,125-385-3190
7,304 Elka Place,Brazil,35000-000,772-997-4112
8,737 Kim Avenue,Portugal,2750-524,354-659-8277
9,84844 American Ash Park,Mexico,55718,829-271-5017
10,53 Northview Avenue,Poland,87-821,832-703-0840
11,82 Huxley Point,Indonesia,,809-879-4011
12,08123 Golden Leaf Lane,Azerbaijan,,350-721-7165
13,37 Vidon Street,China,,767-172-6814
14,1 Mallory Trail,Uruguay,,410-204-2107
15,84270 Dakota Crossing,Russia,366609,851-305-6948
16,234 Pleasure Way,Czech Republic,789 85,254-319-8509
17,02497 Bluejay Way,Mexico,29094,671-575-9155
18,190 Ridgeway Drive,Micronesia,,173-110-9985
19,802 Dakota Terrace,Greece,,661-781-7681
20,25 Leroy Pass,Indonesia,,566-145-4486
21,1523 Lake View Park,Democratic Republic of the Congo,,456-448-9527
22,20 Myrtle Plaza,Philippines,5605,708-932-7481
23,2929 Banding Circle,Indonesia,,408-840-7520
24,747 Oneill Circle,Indonesia,,905-152-9005
25,465 Sachtjen Court,China,,446-363-7155
26,28 Warrior Park,Indonesia,,405-559-0488
27,45 Paget Plaza,Philippines,5043,539-196-6085
28,09 Forest Dale Terrace,Indonesia,,210-542-5118
29,1 Bunker Hill Way,Democratic Republic of the Congo,,170-582-6132
30,06249 Scott Avenue,Brazil,46100-000,338-203-8971
31,4 Bunker Hill Junction,Czech Republic,664 57,525-798-1100
32,130 Farragut Plaza,Kyrgyzstan,,169-564-3266
33,12619 Canary Park,China,,288-448-3937
34,2211 Red Cloud Avenue,Germany,9116,327-108-2673
35,1 Hintze Place,China,,636-324-2025
36,0 Carberry Circle,Indonesia,,185-744-7723
37,415 Sloan Court,Russia,140074,868-836-6436
38,161 Wayridge Point,Cape Verde,,797-485-8230
39,9 Ryan Junction,Czech Republic,471 29,441-914-9899
40,0 Hintze Junction,China,,669-379-2588
41,7 Northland Drive,France,75100 CEDEX 01,932-864-6579
42,9 Macpherson Avenue,Philippines,9319,442-919-6238
43,2 Pankratz Alley,Argentina,8370,375-384-1588
44,89216 Shasta Center,Czech Republic,747 20,897-598-8332
45,90 Cherokee Plaza,Indonesia,,107-409-5106
46,5 Buena Vista Way,France,37554 CEDEX,204-744-4887
47,700 Jenna Junction,Philippines,1600,870-670-3493
48,4889 5th Terrace,Nigeria,,447-575-8547
49,47093 Sachtjen Hill,China,,829-592-3144
50,9 Maple Wood Drive,France,80075 CEDEX 1,308-717-4221
51,2 Havey Circle,Burkina Faso,,356-564-1576
52,79666 Schiller Drive,China,,770-909-0914
53,50 David Road,Vietnam,,793-963-4383
54,29342 Hoard Terrace,Bahamas,,198-769-7688
55,4493 Southridge Junction,Argentina,3470,757-827-7175
56,727 Monterey Trail,Russia,357371,416-377-1094
57,31369 East Center,Philippines,1117,815-957-1213
58,29 Prairieview Plaza,China,,831-714-3514
59,68 Cardinal Lane,Burundi,,722-192-5768
60,6133 Lukken Way,Russia,396336,992-678-4831
61,4 Hagan Crossing,Sweden,256 62,375-606-5776
62,3 Vermont Plaza,Greece,,616-910-7541
63,18749 New Castle Terrace,Indonesia,,746-772-5975
64,37669 Thierer Park,Estonia,,268-596-1978
65,740 Almo Point,Argentina,3530,943-722-3850
66,3 Merchant Junction,Nigeria,,535-892-6998
67,79822 Vernon Trail,Thailand,31110,768-607-4407
68,5 Commercial Drive,Philippines,3115,100-823-8224
69,1 Debra Lane,Peru,,556-629-0190
70,0 Center Park,Czech Republic,351 01,896-803-5126
71,448 Chive Crossing,Russia,452230,487-877-7765
72,70611 Cody Point,Russia,186806,465-946-8821
73,17978 Lighthouse Bay Road,Moldova,MD-4233,584-702-2673
74,79647 Goodland Place,Philippines,1743,179-693-8188
75,5564 Manufacturers Avenue,Brazil,44900-000,396-389-3689
76,6298 Johnson Point,China,,953-915-8818
77,56850 Lindbergh Alley,Honduras,,329-390-5741
78,0622 Claremont Point,Indonesia,,816-288-5462
79,4801 Maple Avenue,Japan,999-1413,735-351-5905
80,166 Memorial Center,Canada,T8A,407-679-7190
81,7422 Arkansas Lane,Indonesia,,216-527-5939
82,50 Thierer Alley,Canada,N2M,537-539-5409
83,315 Glacier Hill Place,Philippines,2430,303-321-7374
84,40 Mallory Road,Czech Republic,542 34,791-157-3491
85,282 Stephen Terrace,Poland,34-103,836-201-8509
86,49364 Mariners Cove Center,Ireland,P43,553-185-6778
87,8302 Carberry Lane,Ukraine,,647-734-1884
88,76 Express Point,Norway,8010,615-340-6647
89,22 Tennyson Place,Eritrea,,134-494-7658
90,7 Southridge Parkway,China,,557-338-6370
91,40 Sloan Road,Spain,28050,720-122-4279
92,5435 Northridge Park,Russia,198804,401-829-3374
93,3 Charing Cross Point,China,,584-233-4165
94,3472 Ryan Circle,Indonesia,,773-304-4377
95,07183 Carpenter Street,Indonesia,,939-656-5142
96,999 Rockefeller Terrace,Argentina,5214,632-345-8051
97,420 Bluejay Point,Afghanistan,,240-451-1559
98,88482 Westend Hill,Portugal,4630-025,404-318-2235
99,9716 Acker Avenue,Azerbaijan,,270-737-7834
100,83 Anthes Avenue,Poland,73-150,296-318-5237
101,786 Old Shore Junction,Guatemala,4012,494-740-3492
102,35980 Lighthouse Bay Junction,China,,509-471-8145
103,22 Spohn Center,Serbia,,234-495-7112
104,2 Eggendart Avenue,Guinea,,499-661-3260
105,59 Bunker Hill Circle,Poland,43-354,331-407-3871
106,27 Monument Hill,Uganda,,670-581-4918
107,1 Sherman Trail,Indonesia,,588-350-8961
108,00659 Heath Center,China,,711-719-6079
109,1377 Arkansas Hill,Yemen,,233-192-4402
110,51800 Canary Plaza,Saudi Arabia,,732-204-6949
111,22679 Green Ridge Trail,Kenya,,965-376-2205
112,552 Center Road,Mexico,95643,278-203-6905
113,9 Scoville Drive,China,,919-499-9738
114,554 Carey Road,Nigeria,,977-125-2061
115,027 Nevada Plaza,Brazil,42800-000,984-100-4171
116,2881 Shoshone Center,Senegal,,157-953-7334
117,78 Hazelcrest Alley,Nigeria,,459-325-7980
118,451 Scofield Drive,Mexico,40160,970-947-4591
119,354 Manitowish Circle,China,,589-436-8348
120,906 Knutson Parkway,Gambia,,933-298-1817
121,9 Fairfield Park,Indonesia,,465-777-7830
122,943 Debra Point,Bangladesh,6431,321-417-0996
123,52789 Sullivan Terrace,China,,777-951-7033
124,38832 Dunning Pass,Macedonia,1225,161-523-1475
125,41768 Merrick Way,Finland,7800,457-668-0444
126,44487 Hanson Drive,Sudan,,231-705-3764
127,86047 Meadow Vale Center,Brazil,87140-000,372-868-5452
128,94442 Hoffman Street,Colombia,763528,676-234-9125
129,78 Esker Junction,Armenia,,625-899-0868
130,2 Raven Junction,Sweden,459 30,286-672-1127
131,51476 Kings Alley,Indonesia,,683-407-5811
132,831 Fairview Avenue,Czech Republic,747 64,468-591-0309
133,79 American Drive,Indonesia,,977-684-9322
134,635 Arapahoe Alley,Indonesia,,161-443-8967
135,1606 Kropf Parkway,Poland,95-054,354-501-6700
136,6887 Farwell Place,Tajikistan,,343-398-5323
137,8 Commercial Crossing,China,,679-721-5817
138,47 South Place,Sweden,738 34,976-141-3074
139,19787 8th Place,Philippines,6310,347-965-0381
140,79 Tennyson Park,Malaysia,40672,341-158-6535
141,84 Bartelt Road,Indonesia,,994-633-1825
142,605 Kings Trail,East Timor,,270-129-6314
143,5081 Becker Place,Pakistan,12071,312-899-9080
144,1 Luster Junction,Venezuela,,790-334-4699
145,045 Muir Parkway,China,,862-246-4866
146,5960 Fremont Alley,China,,737-639-4128
147,47588 Birchwood Point,Guatemala,10014,794-234-4310
148,487 Kingsford Center,Brazil,89160-000,343-916-3748
149,83334 Graedel Point,China,,431-602-0067
150,314 Leroy Trail,Philippines,3814,491-368-2508
151,32 Trailsway Park,Indonesia,,751-806-0991
152,6 Mifflin Court,Sweden,700 15,463-896-5074
153,646 La Follette Trail,Mongolia,,893-872-3873
154,023 Kingsford Circle,Indonesia,,988-690-3095
155,22823 Sugar Junction,China,,454-170-6561
156,75 Nevada Drive,Philippines,1119,198-398-7881
157,67945 Summer Ridge Circle,Honduras,,982-351-4839
158,44981 Delaware Drive,China,,867-794-8132
159,57880 Crest Line Place,Cuba,,635-870-2773
160,9928 Vermont Alley,Argentina,4751,333-456-6211
161,51150 Summerview Park,Nigeria,,153-645-0933
162,866 David Pass,Indonesia,,341-251-6417
163,85827 Fordem Pass,China,,924-103-5049
164,4348 Evergreen Street,United States,16522,814-262-2240
165,935 Messerschmidt Way,Portugal,2685-314,114-879-4120
166,751 Merrick Junction,Greece,,944-490-7064
167,23294 Nelson Way,Mongolia,,865-979-3004
168,2119 Lotheville Street,Indonesia,,418-208-9954
169,359 Birchwood Trail,Brazil,39270-000,244-678-7884
170,70237 Cardinal Alley,France,79099 CEDEX 9,506-903-3264
171,38 Elka Way,Portugal,4755-121,268-861-4965
172,196 Muir Hill,China,,273-158-2313
173,7267 Mccormick Pass,Mexico,88925,508-294-5793
174,066 Cottonwood Junction,Kazakhstan,,637-434-7888
175,5 Union Terrace,United States,73124,405-987-9718
176,25266 Dayton Street,Nigeria,,501-922-9837
177,30 Linden Circle,Japan,879-2681,221-853-3889
178,1733 Sloan Lane,Philippines,4336,537-390-9465
179,94 Hanson Center,Ukraine,,342-288-1071
180,44719 Anderson Parkway,Indonesia,,279-149-4998
181,3 Bartelt Parkway,Turkey,35890,769-996-9390
182,0 Stone Corner Center,Indonesia,,115-895-3420
183,1 Stuart Trail,Bulgaria,2287,864-544-1591
184,15606 Heffernan Terrace,Philippines,5412,244-729-0564
185,327 Ronald Regan Avenue,Philippines,1002,706-813-9695
186,26072 Mcbride Hill,Bangladesh,5260,321-219-4865
187,0 American Ash Point,Sweden,668 92,743-520-8316
188,53 Dexter Park,China,,236-776-8728
189,3 Heath Junction,Poland,27-530,738-444-5327
190,1 Kinsman Lane,Tanzania,,776-948-9692
191,74075 Farragut Way,Canada,K7C,928-383-6676
192,9198 Grayhawk Center,Jordan,,906-406-4020
193,298 Westend Plaza,Poland,31-827,409-768-4713
194,0338 Reindahl Park,China,,336-250-0402
195,78 Packers Drive,China,,298-254-5620
196,80155 Gulseth Parkway,Indonesia,,593-436-8991
197,3012 Trailsway Avenue,Russia,356897,816-309-5261
198,68 Kim Plaza,Poland,32-410,467-853-4702
199,2479 Crescent Oaks Lane,Philippines,2804,254-887-8495
200,06405 Sachs Way,China,,137-219-0017
201,38987 Nobel Parkway,China,,439-944-5695
202,147 Hoffman Lane,Russia,394091,212-904-8469
203,452 Aberg Drive,Sweden,169 50,230-169-7414
204,33601 Bay Terrace,Philippines,1114,811-727-1050
205,4 Superior Trail,France,69624 CEDEX,663-358-2363
206,7942 Kings Drive,Greece,,271-960-7436
207,5103 Elmside Hill,Pakistan,73130,307-947-1484
208,431 Portage Alley,Turkmenistan,,831-172-4849
209,0 Grim Plaza,Indonesia,,960-120-1517
210,6494 Becker Park,Portugal,4990-540,591-557-3653
211,8431 Village Center,Sweden,722 33,262-566-4886
212,739 Grasskamp Avenue,Moldova,MD-3547,471-644-6672
213,416 David Place,Poland,86-120,611-448-2141
214,9 Ronald Regan Circle,Kosovo,,435-590-9043
215,677 Chive Parkway,Peru,,520-883-0542
216,81604 Thompson Trail,China,,874-795-7725
217,99134 Golden Leaf Hill,Laos,,211-951-3007
218,0 Onsgard Plaza,Canada,N7V,467-774-8578
219,848 Kedzie Parkway,Nigeria,,410-947-0998
220,200 Glacier Hill Pass,Indonesia,,720-387-8828
221,12284 Anniversary Place,Pakistan,12251,117-331-0543
222,547 Montana Lane,Mexico,68213,247-382-2955
223,047 Main Alley,Vietnam,,470-909-1351
224,4 Hazelcrest Avenue,Sweden,332 24,697-627-7538
225,1504 Anzinger Crossing,China,,702-628-6758
226,94778 Center Junction,China,,304-963-3986
227,870 Golf Road,China,,352-401-7547
228,3077 Paget Circle,Portugal,2855-358,129-679-6730
229,5053 Carey Pass,China,,482-369-9776
230,39 Banding Way,Cuba,,910-251-4459
231,8153 3rd Drive,Russia,452555,677-258-3899
232,139 Sachtjen Plaza,Philippines,3119,846-360-7722
233,104 Elgar Street,Portugal,4730-510,316-314-1033
234,0 Morningstar Circle,Central African Republic,,932-973-5484
235,28 Stone Corner Place,Czech Republic,798 43,629-695-5409
236,504 Banding Circle,Indonesia,,825-354-6583
237,79 Bunting Pass,Argentina,4513,912-132-7333
238,187 Dawn Avenue,Costa Rica,10802,609-889-8244
239,7784 Brentwood Parkway,Colombia,630008,548-127-0565
240,7481 Fairview Parkway,China,,953-358-2386
241,09 Fallview Place,Japan,707-0112,175-998-6757
242,81592 Mariners Cove Lane,Guatemala,10013,395-898-2532
243,938 Coolidge Court,Indonesia,,964-416-5816
244,6165 Blue Bill Park Street,Morocco,,331-487-5033
245,45748 Ridgeview Junction,Ukraine,,266-594-4637
246,5 Grover Drive,Brazil,11680-000,983-386-8892
247,504 Messerschmidt Place,China,,393-811-7910
248,5 Melrose Street,Moldova,MD-7702,979-456-8109
249,566 Dayton Trail,Albania,,742-325-6568
250,31 Hooker Point,Malaysia,5622,915-975-9422
251,05 Surrey Alley,Venezuela,,403-566-4141
252,54580 Ridgeview Parkway,Dominican Republic,11512,185-745-1278
253,7752 Jenna Avenue,China,,706-304-5353
254,92 Eliot Crossing,Syria,,518-124-2671
255,1 Erie Court,Russia,162700,847-673-3010
256,1999 Vermont Park,Czech Republic,331 65,453-347-0847
257,9 Sherman Street,China,,518-647-8794
258,184 Pond Center,Czech Republic,348 06,840-644-5780
259,94 Petterle Road,Poland,95-047,335-572-2281
260,048 Maryland Pass,United States,6721,203-313-0741
261,55 Knutson Place,Poland,33-390,418-875-1968
262,7 Schiller Parkway,Cuba,,432-576-9558
263,464 Washington Lane,Indonesia,,131-936-5047
264,8 Graedel Court,Poland,39-124,927-861-1268
265,2118 Ludington Way,France,45032 CEDEX 1,850-125-4619
266,9474 Clyde Gallagher Place,Greece,,708-320-8133
267,01709 Mccormick Trail,Vietnam,,329-997-8906
268,59960 Oxford Place,Argentina,3382,333-228-0669
269,266 Union Pass,Bosnia and Herzegovina,,361-515-0245
270,29 Hintze Point,China,,355-205-4395
271,57 Algoma Court,Palestinian Territory,,503-712-4413
272,8 Donald Junction,Poland,43-200,994-163-3181
273,962 Arizona Street,Indonesia,,922-688-3406
274,3640 Armistice Road,Brazil,37890-000,851-816-5254
275,07 Brown Park,Ukraine,,982-310-4609
276,27206 Oneill Trail,Mongolia,,961-941-3334
277,28257 Forest Run Point,Indonesia,,500-330-8098
278,0808 Grover Hill,Philippines,6404,816-365-9354
279,66141 Cottonwood Hill,Indonesia,,536-135-8167
280,0 Pepper Wood Pass,Democratic Republic of the Congo,,218-930-5521
281,17464 Nevada Terrace,Brazil,57260-000,791-566-3694
282,798 Loomis Crossing,Russia,169309,764-788-9810
283,398 Oak Valley Alley,Philippines,4234,205-278-1428
284,8 Schmedeman Parkway,Kazakhstan,,971-594-0284
285,363 Banding Terrace,China,,871-919-9564
286,9 Sullivan Trail,China,,430-814-3733
287,0 Manitowish Lane,Poland,98-346,822-607-1491
288,72 Glendale Street,Dominican Republic,11207,578-667-2975
289,7238 Service Avenue,Malaysia,5552,238-965-8335
290,93 Surrey Lane,Saudi Arabia,,341-684-4265
291,119 Mitchell Park,Democratic Republic of the Congo,,419-852-9165
292,859 Melrose Road,United States,89706,775-644-3665
293,165 Blackbird Point,Indonesia,,834-429-2932
294,21991 Rieder Street,Japan,811-1122,892-750-1210
295,11761 Macpherson Way,Peru,,694-832-5485
296,5 Mandrake Center,United States,87105,505-751-4666
297,2 Kinsman Circle,Nigeria,,534-863-3655
298,3 Kim Point,Poland,11-040,122-390-8432
299,5787 Forest Run Pass,China,,279-320-3961
300,089 Vidon Plaza,Indonesia,,409-657-6688
301,50 Veith Circle,United States,45249,513-207-4187
302,441 Crest Line Crossing,China,,396-443-6239
303,1588 Fieldstone Pass,Dominican Republic,10131,730-294-1390
304,92 Marquette Street,Sweden,602 14,985-297-2510
305,0889 Porter Crossing,Russia,347674,480-528-9722
306,9518 Hanson Road,Brazil,47970-000,983-460-7403
307,8008 Birchwood Center,Bulgaria,9104,847-649-2196
308,0 Blackbird Junction,China,,928-220-8005
309,6986 Stang Place,Indonesia,,134-680-1103
310,9457 Heath Circle,Macedonia,2307,354-123-3267
311,59 3rd Lane,Russia,353650,375-592-6520
312,67111 Rieder Street,Uganda,,390-159-9455
313,850 Erie Point,China,,266-977-3387
314,6 Dawn Point,Indonesia,,353-163-4933
315,405 Mockingbird Trail,Indonesia,,457-998-3498
316,6 Milwaukee Plaza,Philippines,4402,223-302-7904
317,03 Tennessee Court,China,,901-407-2413
318,7 Warrior Point,Greece,,765-282-2998
319,995 Lukken Terrace,Czech Republic,411 86,732-928-4103
320,5 Mayfield Place,Colombia,477027,692-686-7306
321,3 Bluejay Avenue,Indonesia,,267-778-5052
322,597 Barnett Drive,China,,123-526-3140
323,5 Pearson Street,Slovenia,2252,925-652-7345
324,4345 Harbort Trail,Greece,,536-890-3141
325,6 Hoepker Pass,Samoa,,857-485-8824
326,16 Northridge Trail,Indonesia,,990-737-3363
327,3970 Talmadge Junction,United States,97296,503-200-6103
328,2 Forest Dale Drive,China,,431-707-6764
329,39 Valley Edge Terrace,Bangladesh,6680,213-280-6811
330,1 Holmberg Road,Russia,662970,660-698-4331
331,1 5th Terrace,Russia,346930,844-659-2343
332,7051 Sloan Alley,United States,70826,225-614-2622
333,6 2nd Terrace,Chile,,659-339-3346
334,021 Forest Trail,Sweden,562 24,776-469-1373
335,432 Transport Alley,Nigeria,,288-811-3589
336,339 Coleman Way,Indonesia,,916-575-5310
337,0 Pine View Road,Mongolia,,141-383-7354
338,9835 Dexter Hill,Philippines,5606,407-766-9895
339,19 Bayside Crossing,Portugal,4940-374,270-888-6044
340,147 Thierer Lane,Honduras,,338-477-0035
341,362 Luster Trail,Greece,,271-966-9522
342,7 Twin Pines Alley,Norway,9259,355-494-8935
343,2 Orin Alley,Egypt,,733-605-2195
344,53 Holmberg Junction,China,,152-611-4410
345,8 Sugar Avenue,Indonesia,,138-193-9566
346,0 Sunbrook Parkway,Argentina,6387,494-363-7922
347,2145 Steensland Pass,Russia,190990,184-219-5288
348,10725 Katie Junction,China,,334-108-9910
349,251 Cottonwood Hill,Sweden,853 56,518-543-8067
350,37 Briar Crest Street,Poland,05-622,844-909-4537
351,1 Eastwood Terrace,Sweden,458 31,634-665-8743
352,51034 Mcbride Plaza,China,,679-221-5797
353,756 Memorial Point,Japan,752-0923,920-974-9523
354,92 Valley Edge Hill,Indonesia,,178-553-4403
355,94579 Ruskin Parkway,Peru,,508-699-9195
356,732 Clyde Gallagher Crossing,Italy,16124,320-799-1948
357,31623 Nelson Parkway,Brazil,64600-000,382-208-6651
358,3 Ronald Regan Parkway,Thailand,34110,885-150-0531
359,934 Westend Place,Canada,G3L,206-380-8246
360,718 Twin Pines Street,China,,696-177-7859
361,386 Bobwhite Junction,China,,863-391-3968
362,64 Waywood Court,China,,871-975-0516
363,48947 North Junction,Armenia,,611-805-6840
364,7 Banding Pass,Kyrgyzstan,,623-230-1955
365,978 Old Gate Circle,Indonesia,,842-526-2738
366,37 Jenifer Way,China,,853-295-8344
367,5 Gerald Road,Indonesia,,474-164-9266
368,93 Sage Trail,Indonesia,,282-602-7008
369,857 Ludington Center,China,,131-447-1732
370,60045 Dovetail Way,Greece,,881-102-7197
371,891 Logan Point,Russia,613594,779-276-7778
372,8 Ridgeview Terrace,China,,851-971-8462
373,4111 Fairfield Junction,Czech Republic,664 57,330-213-3451
374,80 Macpherson Hill,China,,277-807-9938
375,6 Anhalt Alley,Indonesia,,223-154-5163
376,952 Nova Court,China,,607-844-9971
377,6 Dawn Parkway,Spain,11005,602-144-0923
378,97147 Dixon Place,China,,929-956-1121
379,367 Loeprich Trail,China,,713-575-5865
380,15 Pond Circle,China,,822-411-0646
381,3 Rockefeller Crossing,Philippines,9404,938-937-7275
382,0 Clarendon Trail,Canada,V2X,365-165-4465
383,550 Holmberg Crossing,Philippines,4201,323-943-2533
384,33 Nevada Center,Luxembourg,L-7506,153-882-9311
385,492 Doe Crossing Crossing,Philippines,3119,820-528-3954
386,1 Manitowish Hill,Colombia,735037,422-674-2138
387,62896 Northview Center,Philippines,2009,793-986-3706
388,11332 Bultman Place,Indonesia,,663-591-3427
389,656 Jenna Park,Indonesia,,156-287-7458
390,1 Algoma Junction,Iran,,733-526-2374
391,99 Oak Place,Serbia,,403-291-0078
392,6889 Eastlawn Center,Indonesia,,577-745-9968
393,9 Parkside Trail,China,,840-361-4363
394,158 Steensland Pass,France,34294 CEDEX 5,649-925-3340
395,510 Nova Parkway,China,,634-517-3248
396,4 Grasskamp Avenue,Sweden,561 36,266-514-6518
397,2723 Lakewood Gardens Avenue,China,,555-336-3903
398,718 Roxbury Way,Russia,141667,511-841-8219
399,178 Reinke Parkway,Peru,,660-611-8011
400,74998 Nelson Lane,United States,89166,702-574-0104
401,60269 Coolidge Terrace,Pakistan,23161,574-546-8752
402,81917 Anthes Avenue,Portugal,9630-224,190-637-5431
403,9465 Debs Junction,United States,93106,805-337-3023
404,5235 Swallow Hill,Nicaragua,,421-355-7490
405,7706 Macpherson Parkway,Japan,501-4455,157-831-0456
406,1 Onsgard Way,China,,373-412-5766
407,625 Kropf Pass,China,,627-891-8144
408,52 Miller Center,Peru,,600-133-1440
409,294 Pond Park,Brazil,26000-000,415-583-6953
410,39 Prentice Drive,France,01129 CEDEX,916-308-4619
411,6 Mallory Road,Brazil,56250-000,573-852-7812
412,73174 Corry Terrace,Philippines,2703,479-763-2651
413,443 Fallview Center,Poland,48-250,715-531-2458
414,7 Porter Alley,Philippines,9222,472-662-2263
415,15 Butternut Center,Indonesia,,720-945-4283
416,290 Carberry Drive,Moldova,MD-6114,665-574-4466
417,491 Texas Lane,Czech Republic,586 01,669-907-5429
418,9 Merry Avenue,Poland,74-400,652-769-0450
419,2520 Chive Point,France,77554 CEDEX,406-660-3061
420,102 Bobwhite Way,Thailand,57160,477-153-0378
421,96 Crescent Oaks Junction,Cameroon,,938-593-6204
422,4104 Jana Terrace,Uganda,,823-600-5605
423,5525 Sachs Avenue,Philippines,1095,275-862-4171
424,2792 Morning Street,Poland,09-500,862-351-6579
425,706 Tony Park,Russia,427265,448-294-9756
426,0 Emmet Avenue,Jamaica,,173-984-7770
427,2 Farragut Drive,Indonesia,,910-244-5170
428,2013 Hallows Park,Bolivia,,711-138-3585
429,26797 Elka Park,Russia,166004,337-517-0654
430,7461 Orin Terrace,Brazil,26950-000,169-994-1294
431,13231 Scott Place,Czech Republic,735 41,401-794-6003
432,3871 Westerfield Court,Thailand,81140,166-225-2730
433,571 Old Gate Pass,United States,46857,260-968-0841
434,38 Arkansas Circle,China,,380-488-5008
435,455 Hintze Center,France,44706 CEDEX,662-945-4656
436,6324 Susan Parkway,Lithuania,86061,296-368-1535
437,7 Kingsford Court,Saudi Arabia,,728-499-4754
438,59 Summer Ridge Lane,China,,362-499-3303
439,780 Hintze Court,China,,536-752-7809
440,99 Mosinee Center,Mexico,93420,879-243-0705
441,02 Vahlen Circle,Mexico,95749,249-166-3455
442,802 Jackson Lane,Uganda,,714-188-3157
443,4 Roxbury Place,China,,269-156-9626
444,6 Moland Parkway,Indonesia,,215-116-5880
445,6587 Comanche Junction,Russia,623220,815-876-7930
446,8051 Weeping Birch Hill,Indonesia,,714-913-1446
447,3834 Mandrake Hill,Brazil,95330-000,897-257-9484
448,03 Loomis Crossing,Peru,,579-873-6223
449,5659 Delladonna Junction,France,31069 CEDEX 7,796-986-2158
450,149 Pankratz Crossing,Sweden,457 23,438-137-8455
451,84 Rigney Center,Peru,,648-626-5973
452,6302 Johnson Place,Indonesia,,605-536-4282
453,83998 Birchwood Hill,Malawi,,626-897-2734
454,87658 Continental Crossing,China,,354-454-3516
455,5 Birchwood Circle,France,91982 CEDEX 9,190-542-7334
456,75 Hollow Ridge Lane,Greece,,709-740-4588
457,4 Donald Circle,Mexico,40030,525-590-5701
458,29 Upham Circle,Ukraine,,760-908-2205
459,37 Bashford Pass,Russia,665081,508-459-9123
460,54 Jana Crossing,China,,949-877-6114
461,800 Little Fleur Road,Georgia,,483-225-7152
462,6 Heath Circle,Czech Republic,717 00,987-933-0058
463,605 Oak Valley Point,Peru,,986-478-0351
464,3298 Dovetail Crossing,Japan,677-0043,630-500-1597
465,01 Eggendart Center,China,,827-226-1311
466,9 Sutteridge Hill,Philippines,5706,166-186-0538
467,01 Mcbride Trail,Czech Republic,674 01,819-124-6513
468,13 Golden Leaf Pass,Russia,658065,525-601-2279
469,46075 Logan Lane,Paraguay,,461-391-2120
470,31 Meadow Ridge Terrace,Indonesia,,355-208-1489
471,0075 Veith Road,Italy,80141,760-761-0575
472,0 Texas Pass,Greece,,736-672-8443
473,50 Dawn Street,Argentina,9225,340-607-7342
474,2167 Green Ridge Hill,China,,324-179-0852
475,1 Granby Alley,South Africa,3300,914-407-5099
476,6 Ridge Oak Court,China,,704-418-0284
477,271 Hansons Drive,Russia,357367,626-351-5433
478,4 Dwight Plaza,Indonesia,,441-909-1961
479,348 Steensland Trail,Russia,623508,420-706-0304
480,391 Nelson Avenue,China,,431-836-9595
481,6379 Miller Plaza,Vietnam,,882-111-5038
482,5 Lakeland Street,Chile,,507-624-8385
483,3739 Transport Park,Honduras,,673-522-0465
484,2 Gale Circle,China,,331-833-9346
485,35 Swallow Place,Poland,87-201,949-538-9046
486,63 Rieder Alley,Mexico,56700,987-688-9086
487,1 Jenna Drive,Armenia,,324-600-2859
488,59980 Hauk Street,Russia,346647,149-993-0702
489,6 Chinook Avenue,Indonesia,,567-660-4045
490,702 Petterle Circle,China,,233-313-8531
491,4 Nobel Center,China,,354-676-6442
492,0 American Ash Alley,Sri Lanka,32308,507-706-7704
493,75554 Declaration Point,Poland,34-105,702-930-4123
494,58901 Kropf Drive,Brazil,08900-000,597-430-9148
495,4759 Moose Circle,Nigeria,,813-551-4977
496,684 Schurz Place,China,,652-560-7343
497,5556 Grim Drive,Portugal,3070-106,853-326-8725
498,466 David Alley,Micronesia,,522-617-5204
499,82005 Stephen Parkway,United States,37205,615-304-8830
500,262 Steensland Drive,China,,420-537-8766
501,3 Johnson Circle,Armenia,,369-194-1502
502,87 Ridgeview Circle,France,92024 CEDEX,805-279-2557
503,6 Westerfield Way,China,,507-885-6197
504,4452 Monterey Lane,Indonesia,,776-672-4794
505,674 Bay Hill,France,94685 CEDEX,320-889-7040
506,82 3rd Court,Czech Republic,571 01,752-218-1618
507,914 Bluejay Trail,Indonesia,,997-663-6088
508,5 Mosinee Way,China,,876-315-5029
509,414 Eagan Center,China,,647-472-4949
510,40655 Melvin Trail,Brazil,49200-000,425-994-5949
511,02143 Troy Trail,Brazil,79370-000,412-438-2331
512,45396 Carberry Way,Thailand,10260,794-482-8965
513,09145 Mallory Lane,Indonesia,,704-600-4924
514,461 Sauthoff Hill,Canada,K1G,753-751-3975
515,9540 Bunting Pass,Russia,184433,595-695-3212
516,33672 Karstens Plaza,Poland,54-622,764-839-9022
517,67 Charing Cross Terrace,Indonesia,,676-265-1174
518,9013 Glendale Road,Indonesia,,284-230-5395
519,86279 Corscot Junction,Uruguay,,210-428-7582
520,30 Browning Street,Brazil,98700-000,576-130-0825
521,4 Memorial Crossing,Kosovo,,120-158-7135
522,361 Farragut Road,China,,294-430-4206
523,86347 Mesta Hill,Serbia,,429-137-0255
524,31 Maple Wood Park,Indonesia,,142-370-2693
525,1742 Hanson Junction,Sweden,593 35,550-277-1278
526,0502 Delaware Avenue,Pakistan,76200,330-647-8098
527,83818 Artisan Crossing,United States,92153,619-991-7744
528,55 Aberg Hill,Georgia,,689-889-3447
529,856 Hoard Parkway,Portugal,7875-055,592-355-8229
530,27 Di Loreto Road,United States,49505,616-984-2248
531,9 Lake View Lane,Czech Republic,742 13,375-136-7180
532,9 Farragut Place,Portugal,2925-017,629-481-3793
533,25 Welch Road,Czech Republic,569 43,349-840-1768
534,39763 Killdeer Place,Russia,652120,639-769-5833
535,1 Pine View Road,Indonesia,,943-543-2989
536,3936 Corscot Court,China,,405-631-3658
537,45229 Jenifer Trail,France,49417 CEDEX,620-328-5300
538,241 Homewood Junction,Uruguay,,936-819-5236
539,79 Del Mar Point,Indonesia,,720-241-4408
540,1 Little Fleur Center,Indonesia,,487-462-2932
541,16432 Eastlawn Court,Tunisia,,718-261-7396
542,77 Judy Junction,Norway,6015,355-273-6839
543,6 Petterle Terrace,Dominican Republic,11904,485-826-0423
544,4929 Grayhawk Center,Portugal,2785-505,784-723-2331
545,7 Jenna Court,Guinea,,716-913-4033
546,050 Summit Pass,New Zealand,4545,514-394-0657
547,6 Paget Park,Latvia,,213-320-3490
548,86603 Oxford Hill,Indonesia,,799-971-0962
549,350 Eliot Point,Finland,83901,583-408-9931
550,17 Montana Court,Brazil,14780-000,477-486-3083
551,8 Pond Place,Sweden,774 24,961-639-8327
552,555 Scoville Avenue,Brazil,36800-000,317-912-9016
553,50819 Dottie Point,Croatia,53288,834-544-6052
554,814 Almo Pass,China,,898-386-3158
555,23 Kennedy Alley,Poland,06-316,670-222-9746
556,8989 Bultman Point,Ghana,,352-988-8519
557,3969 Sheridan Terrace,Brazil,98670-000,209-499-6948
558,9455 International Lane,Sweden,182 74,692-949-2475
559,30 Washington Drive,China,,379-857-9957
560,124 Summit Drive,Haiti,,974-917-5931
561,95 Pankratz Road,Brazil,69670-000,796-757-4918
562,1659 West Parkway,Palestinian Territory,,264-812-9306
563,476 American Way,Peru,,388-321-8534
564,938 Ramsey Court,United States,90398,310-828-0417
565,7 Kipling Point,Poland,63-405,187-558-9782
566,7911 Eliot Way,Nigeria,,558-687-8588
567,304 Lindbergh Crossing,Bosnia and Herzegovina,,287-961-6219
568,8 David Pass,South Africa,2320,994-116-6957
569,61 Delaware Center,Greece,,466-610-6382
570,56236 Helena Hill,Poland,97-565,920-212-0645
571,5 Cascade Court,Qatar,,926-544-9853
572,4 Thackeray Court,Albania,,939-464-7372
573,07110 Merry Point,China,,476-362-0998
574,29 Lyons Place,Indonesia,,968-306-9160
575,870 Hermina Avenue,Sweden,142 50,638-283-7269
576,93989 Gerald Parkway,Belarus,,231-696-1903
577,51 Mcbride Terrace,Thailand,94180,207-306-2374
578,258 Leroy Junction,Brazil,83400-000,901-979-1910
579,6859 Basil Avenue,Philippines,6405,984-210-5562
580,277 Pierstorff Parkway,Tajikistan,,416-972-2636
581,2470 Prairie Rose Point,Indonesia,,265-134-2267
582,1 Sage Alley,Greece,,773-504-1960
583,07 Everett Parkway,Gambia,,166-873-4998
584,62 Anzinger Center,Indonesia,,143-806-9614
585,58 Bobwhite Pass,China,,986-730-5185
586,59 Paget Center,Greece,,511-584-0764
587,2573 Talisman Park,Brazil,95860-000,935-935-1750
588,9873 Kingsford Junction,Brazil,69670-000,755-686-2957
589,87018 Lukken Road,Ukraine,,754-671-2155
590,1 Stuart Court,Japan,939-2759,481-656-2895
591,93 Prentice Terrace,China,,105-922-1333
592,02 Dovetail Drive,Indonesia,,904-820-2835
593,85 Vermont Alley,Poland,08-450,444-874-7248
594,065 Monument Hill,Russia,692338,712-836-8396
595,86 Sachtjen Lane,Russia,172318,865-459-0030
596,34 Linden Alley,Indonesia,,114-735-4731
597,11511 Sycamore Drive,Ukraine,,986-478-6431
598,95714 Sauthoff Terrace,Iran,,981-110-5105
599,1 Melvin Parkway,Russia,352537,612-991-0619
600,9 Parkside Pass,Vietnam,,112-178-5453
601,3612 Blackbird Junction,Netherlands,7804,409-385-5741
602,0 Butterfield Court,South Korea,,853-548-4212
603,13 Corry Pass,United States,95894,916-980-1974
604,38 Eliot Court,Indonesia,,226-916-4938
605,12 Northridge Crossing,Indonesia,,713-930-9670
606,84128 Tony Crossing,Poland,88-115,604-583-2693
607,31 Cordelia Lane,Guatemala,19010,240-811-8541
608,9 Cardinal Junction,Russia,622012,303-353-0734
609,4356 Brentwood Center,Venezuela,,679-814-8378
610,78117 3rd Alley,Thailand,36150,108-395-2087
611,98764 Orin Alley,Brazil,89107-000,193-865-2262
612,134 Ruskin Lane,Bolivia,,703-820-6162
613,07017 Menomonie Avenue,Venezuela,,233-725-0682
614,497 Fulton Point,Sweden,392 41,256-594-1609
615,7836 Fulton Terrace,Indonesia,,804-699-1523
616,91884 Golf View Alley,Indonesia,,708-286-1210
617,58 Merchant Park,China,,386-183-0281
618,9 Rowland Point,Nigeria,,570-984-8454
619,37 Lawn Way,Philippines,3129,450-747-1578
620,297 Roth Place,Greece,,334-820-1648
621,073 Barnett Plaza,New Caledonia,98815,933-398-1451
622,261 Fairfield Junction,Venezuela,,266-916-5562
623,14154 Cascade Parkway,Indonesia,,546-226-5777
624,6069 Briar Crest Circle,Indonesia,,382-317-4200
625,360 Heffernan Point,Indonesia,,339-625-3324
626,479 Morning Road,Czech Republic,281 63,858-238-1556
627,73 Farwell Way,Jordan,,343-628-4363
628,6019 Prentice Crossing,Thailand,48110,575-306-2003
629,339 Center Street,Serbia,,997-360-3889
630,7 Fallview Center,China,,780-625-9776
631,219 Hazelcrest Parkway,China,,906-525-4423
632,87 Roth Hill,Malaysia,25610,104-460-4434
633,074 Meadow Vale Circle,China,,524-503-9554
634,36104 Moulton Street,China,,909-264-0392
635,2528 Hovde Hill,Russia,309296,162-733-3912
636,20 Vermont Park,Philippines,6008,315-493-6575
637,44166 Golf View Trail,Nigeria,,990-555-4941
638,8709 Spohn Street,Micronesia,,213-493-6105
639,26 Anzinger Trail,Philippines,4807,103-949-8571
640,55 Continental Lane,China,,877-769-1474
641,358 Stang Junction,Brazil,78390-000,918-646-3374
642,75 5th Avenue,China,,714-283-0546
643,1587 Sunfield Street,Portugal,7330-254,128-808-4003
644,95 Fordem Place,Ghana,,213-675-4234
645,6 Reinke Lane,China,,789-374-2703
646,1591 Granby Road,China,,137-642-9596
647,25 Elmside Pass,Colombia,250208,843-283-5266
648,7 Bellgrove Lane,China,,381-510-8515
649,3376 Porter Parkway,Russia,184433,920-665-2757
650,08073 Nova Pass,China,,422-565-9554
651,5 Maple Alley,Ethiopia,,916-899-5909
652,0 Lukken Hill,Peru,,535-421-6507
653,64566 Center Drive,Liberia,,868-102-0335
654,1 Shopko Way,Afghanistan,,494-440-8797
655,54 Blackbird Drive,Indonesia,,411-516-9105
656,9 Coolidge Place,Pakistan,76130,105-973-7007
657,59 Sachs Terrace,Poland,24-320,449-193-9587
658,001 Norway Maple Center,Kyrgyzstan,,263-208-0811
659,3 Tony Pass,Sweden,425 65,940-195-7775
660,3 Boyd Junction,Indonesia,,874-609-9047
661,86 Hansons Pass,Albania,,115-993-2222
662,4611 Sommers Terrace,Azerbaijan,,379-223-2955
663,7430 Oak Valley Terrace,Cameroon,,787-398-7169
664,61 Stone Corner Parkway,Russia,197738,793-180-7559
665,1 Nobel Lane,Greece,,874-124-4676
666,30 Beilfuss Plaza,China,,761-936-9640
667,15644 Stang Lane,Vietnam,,240-832-7517
668,75 Morrow Parkway,Russia,655340,589-816-5691
669,115 Utah Place,Albania,,597-299-4488
670,73 Mayfield Parkway,China,,373-376-1393
671,876 Cambridge Point,Argentina,3740,261-781-3458
672,2 Annamark Road,China,,168-463-7895
673,1 Victoria Park,China,,489-816-3299
674,2179 Prairie Rose Center,Portugal,7520-103,226-526-6215
675,68 Morningstar Parkway,Tajikistan,,215-123-5602
676,1 South Trail,Peru,,987-664-6998
677,990 Crescent Oaks Circle,Estonia,,480-149-4153
678,9006 Forest Dale Point,Australia,1028,201-140-6142
679,30 Northridge Parkway,Indonesia,,900-118-7813
680,79663 Sutteridge Alley,Brazil,64110-000,392-459-8735
681,2 Vidon Park,China,,378-505-8497
682,751 Brickson Park Road,Poland,65-980,795-636-3489
683,36 Oak Place,Sweden,906 42,420-159-3777
684,3930 David Court,Peru,,223-927-4877
685,1402 Alpine Pass,China,,298-849-0751
686,88539 Arrowood Way,Philippines,2437,532-848-5705
687,3771 Kinsman Plaza,Cameroon,,980-792-6202
688,0 Cherokee Point,Indonesia,,366-854-8805
689,6061 Petterle Lane,Sweden,274 34,688-340-4052
690,06 Fairview Hill,Thailand,13130,501-801-6805
691,59 Warbler Street,Indonesia,,935-200-2854
692,1572 Rockefeller Trail,Brazil,29330-000,936-952-7824
693,3 Mcguire Center,United States,60681,312-382-9226
694,88 Southridge Center,Croatia,32237,868-832-7934
695,8116 Basil Junction,China,,708-532-4788
696,7 Buhler Hill,France,75139 CEDEX 03,372-690-6982
697,1 Tony Parkway,Morocco,,588-897-9821
698,6086 Anhalt Parkway,Philippines,4430,376-184-2527
699,3685 Oak Road,Indonesia,,437-336-4242
700,106 Lakewood Street,Russia,461677,695-669-9242
701,60469 Briar Crest Pass,South Korea,,370-335-9556
702,7961 Arkansas Crossing,China,,441-995-5036
703,7 Gina Trail,Brazil,14700-000,182-755-0153
704,150 Marcy Hill,China,,648-920-8434
705,0 Blue Bill Park Trail,China,,733-924-1112
706,41 Dottie Alley,China,,754-515-5300
707,86 Forest Dale Circle,France,38293 CEDEX,594-914-3563
708,45632 Oak Valley Way,Panama,,997-986-9351
709,585 Starling Junction,Russia,249185,981-382-2508
710,52323 Brickson Park Junction,China,,924-395-1654
711,43 Lindbergh Junction,Austria,5071,327-745-0195
712,843 Reinke Crossing,Indonesia,,792-211-7060
713,90 Sherman Road,Peru,,671-134-7370
714,61 Badeau Park,Brazil,37500-000,322-538-7572
715,965 Dahle Court,Egypt,,138-518-5687
716,48 Hazelcrest Hill,Czech Republic,364 71,220-268-8330
717,794 Brickson Park Place,France,93517 CEDEX,186-671-4119
718,62184 Northridge Trail,Portugal,4610-017,152-842-6037
719,0058 Mallard Drive,Indonesia,,527-567-8983
720,5 Pawling Avenue,Russia,357433,594-477-2383
721,14 Anhalt Trail,Haiti,,489-267-6864
722,45372 Michigan Circle,France,44244 CEDEX,324-659-6619
723,15442 Forest Center,Indonesia,,190-506-4235
724,3912 Packers Parkway,Japan,574-0072,826-279-1441
725,8 Dryden Alley,China,,629-463-1178
726,22499 Helena Way,Indonesia,,836-885-1988
727,5033 Karstens Center,China,,781-584-3489
728,20540 Corscot Circle,Kyrgyzstan,,917-301-2345
729,68 Prentice Circle,Serbia,,291-189-8541
730,5 Union Avenue,Tunisia,,844-730-5093
731,917 1st Alley,Netherlands,2019,548-315-0270
732,10860 Crescent Oaks Drive,Japan,839-1344,996-148-0875
733,07 Cherokee Lane,Colombia,252837,150-247-7251
734,44235 Lyons Avenue,Poland,16-101,915-376-0528
735,9203 Canary Way,Poland,99-306,610-314-4073
736,90896 Saint Paul Pass,China,,283-976-7787
737,51735 Canary Center,China,,746-732-3545
738,14440 Debra Alley,French Polynesia,,135-866-0968
739,0359 Barnett Lane,Norway,2613,225-406-0029
740,85802 Onsgard Park,Poland,62-704,551-595-6368
741,5 Fieldstone Point,Peru,,147-826-5078
742,32924 Sachs Circle,China,,155-679-8062
743,60470 Dennis Point,Poland,88-420,788-476-0910
744,5424 Johnson Avenue,Brazil,13940-000,910-163-9834
745,998 David Way,Peru,,477-305-7357
746,628 Shelley Hill,China,,755-509-1710
747,2 Sunnyside Court,Czech Republic,384 11,356-902-5347
748,09443 Marquette Court,Cuba,,473-933-3416
749,72049 Rutledge Plaza,Philippines,2430,217-879-4047
750,3 Corry Pass,Russia,692769,794-284-7714
751,6126 Maywood Road,Russia,162250,292-155-8877
752,00 Donald Circle,China,,323-987-0009
753,2673 Center Trail,Russia,456404,711-788-8354
754,451 Summit Terrace,China,,669-927-4522
755,6795 Walton Point,China,,516-848-7839
756,16698 Lillian Point,Indonesia,,182-809-5741
757,389 Bayside Plaza,Indonesia,,923-334-4765
758,72 Troy Trail,Luxembourg,L-5465,625-770-0872
759,49951 Spaight Point,Canada,T7N,362-979-2444
760,13 Fieldstone Lane,Indonesia,,934-619-0076
761,2 Park Meadow Crossing,Brazil,49980-000,420-202-4183
762,379 Clemons Crossing,China,,814-893-8101
763,32 Victoria Lane,China,,374-580-4249
764,16385 Burning Wood Way,United States,91505,818-967-9915
765,60443 Vermont Road,Russia,636845,832-679-8664
766,4 Dovetail Place,Mexico,71142,261-820-7433
767,4895 Crescent Oaks Street,Bangladesh,9210,403-597-2848
768,6827 Dayton Plaza,Indonesia,,191-983-9003
769,0 Oriole Way,Netherlands,8604,673-231-0593
770,1 Melvin Avenue,Japan,999-7681,506-589-8495
771,68966 Rowland Terrace,Benin,,534-762-4654
772,2 Cambridge Road,France,83040 CEDEX 9,885-385-2417
773,832 Buhler Park,Russia,673613,123-510-2113
774,4361 Derek Crossing,Tanzania,,144-386-3863
775,874 Susan Trail,Macedonia,6337,961-927-2909
776,0 Pleasure Crossing,Philippines,2414,182-467-9948
777,9 Forest Dale Center,China,,601-295-0608
778,5814 Annamark Crossing,Colombia,132527,452-877-0629
779,452 Spohn Hill,Honduras,,982-176-8021
780,6 Wayridge Way,Portugal,4795-549,972-760-0788
781,0 Waubesa Pass,Iran,,602-513-3425
782,94 Washington Pass,Guatemala,17007,576-836-7005
783,2 Sherman Junction,Iran,,147-653-8334
784,4 Parkside Place,Brazil,68795-000,340-634-4215
785,5 Golf Parkway,Indonesia,,801-706-9303
786,7786 Alpine Parkway,China,,156-526-6364
787,08558 Blackbird Drive,Philippines,1063,948-291-2836
788,0 Myrtle Avenue,Saudi Arabia,,953-993-2087
789,3 Elmside Avenue,China,,934-309-6276
790,062 Ruskin Plaza,Philippines,8301,391-140-4553
791,026 Arrowood Lane,Nigeria,,360-966-8743
792,31 Katie Junction,Burundi,,744-886-5104
793,6243 Ridgeview Center,China,,987-151-8692
794,4 Lakewood Avenue,China,,803-657-9743
795,4 Harbort Crossing,France,33314 CEDEX,293-512-3924
796,9 Hermina Parkway,Peru,,377-207-8604
797,9 Harbort Court,United States,6510,203-166-4621
798,98733 Artisan Point,Indonesia,,740-416-8562
799,39941 Jay Plaza,China,,611-233-0963
800,50 Del Sol Circle,Indonesia,,878-516-8312
801,309 Buell Drive,Philippines,8421,355-712-3372
802,40 Myrtle Alley,Russia,452056,964-377-8172
803,6340 Pine View Way,Indonesia,,387-353-1734
804,58539 Northwestern Point,Indonesia,,512-466-3724
805,4231 La Follette Pass,Botswana,,778-494-6558
806,433 Cody Place,Cuba,,855-246-2815
807,8 Duke Way,China,,500-455-4218
808,92923 Stone Corner Trail,Malaysia,50653,204-155-4819
809,10 Lakewood Gardens Terrace,China,,460-796-9390
810,30 Ridge Oak Parkway,Philippines,5815,863-866-1022
811,16 Pankratz Junction,China,,532-107-9630
812,8235 Eagan Crossing,Portugal,3070-024,839-186-7145
813,54138 Barnett Place,China,,639-538-0851
814,0629 Packers Pass,China,,959-935-8998
815,84 Maryland Lane,Peru,,683-902-1369
816,02176 Scofield Park,Peru,,934-534-2261
817,1077 Calypso Parkway,China,,789-422-5646
818,53501 Rockefeller Circle,Greece,,926-664-0023
819,657 Hagan Place,Russia,427265,293-492-8584
820,6869 Katie Court,Uruguay,,391-211-3741
821,25222 Loomis Court,Czech Republic,755 01,471-109-3814
822,3771 Lerdahl Court,Vietnam,,854-892-9832
823,4 Garrison Pass,Comoros,,779-399-6622
824,503 Warbler Avenue,Portugal,6185-255,126-129-4459
825,180 Becker Circle,United States,73179,405-293-7909
826,22 Mayer Trail,China,,427-385-9706
827,8103 Eastlawn Crossing,Yemen,,782-607-0813
828,67 Bluestem Alley,China,,355-371-7801
829,4676 West Pass,Bulgaria,8000,802-365-8069
830,12685 Fulton Way,Russia,625516,271-461-4449
831,7 Packers Crossing,Sweden,723 35,468-510-2392
832,3386 Mosinee Terrace,China,,230-550-7122
833,6960 Grayhawk Parkway,Russia,175350,687-843-2411
834,4 Reinke Trail,Cameroon,,305-493-8245
835,0388 Susan Way,Philippines,8513,762-331-5945
836,014 Goodland Terrace,China,,464-226-9911
837,7233 Knutson Drive,United States,47134,812-846-3404
838,16 International Park,Indonesia,,882-690-7438
839,75815 South Drive,Kosovo,,824-786-0398
840,69795 Basil Lane,Bosnia and Herzegovina,,469-691-8687
841,237 Delaware Avenue,China,,472-449-4366
842,2522 Messerschmidt Place,Ethiopia,,606-143-2548
843,65489 Petterle Point,United States,68517,402-387-4314
844,2 Portage Trail,Lithuania,28001,291-505-6812
845,2 Hermina Road,Sweden,165 13,475-317-2123
846,724 Anhalt Court,Russia,403070,315-780-9896
847,685 Mayer Avenue,Sweden,751 82,431-156-9150
848,3 Erie Park,France,35203 CEDEX 2,993-797-2968
849,69272 Autumn Leaf Hill,China,,756-818-4255
850,5 Fulton Junction,China,,800-280-9757
851,4251 Sullivan Court,China,,441-577-5357
852,9423 Brown Circle,Indonesia,,334-909-0772
853,10380 Main Plaza,Sweden,598 24,711-818-1762
854,361 Fulton Crossing,France,06721 CEDEX,140-364-0251
855,6 Esker Parkway,East Timor,,147-827-0101
856,00386 Laurel Trail,Indonesia,,616-764-0816
857,98149 Hoffman Junction,Solomon Islands,,476-415-1411
858,39307 Dunning Lane,Poland,87-340,286-697-9160
859,4976 Briar Crest Parkway,Guatemala,19003,981-323-2879
860,6 Golf Course Terrace,China,,677-456-2722
861,212 Carioca Place,Indonesia,,416-748-7364
862,7 Westridge Plaza,Spain,4005,949-575-3106
863,51751 Menomonie Lane,Philippines,2021,546-107-7968
864,36966 Starling Drive,Zambia,,909-151-6905
865,89 Stoughton Circle,Russia,396458,742-757-9332
866,0984 Del Mar Street,Sweden,452 24,287-422-5798
867,85208 Fieldstone Alley,Albania,,228-641-3419
868,23 International Hill,Canada,G6T,382-889-2926
869,9175 Schurz Court,Norway,270,334-989-5834
870,9003 Schmedeman Avenue,China,,756-660-0260
871,900 Marcy Trail,Indonesia,,118-626-3284
872,31 Main Lane,Sweden,597 50,468-585-3937
873,18145 Onsgard Place,China,,549-709-4737
874,7768 Anzinger Circle,China,,508-968-4459
875,22247 Tomscot Pass,Norway,492,667-107-8747
876,89259 Jackson Center,Peru,,163-442-5291
877,19718 Stoughton Center,China,,846-730-8327
878,9 Main Junction,China,,809-843-6281
879,9 Hooker Pass,Greece,,197-762-7913
880,176 Westerfield Road,China,,452-934-2780
881,9893 Hollow Ridge Plaza,Thailand,36110,576-676-5756
882,84075 Harbort Drive,China,,486-622-2174
883,3239 Arizona Circle,Poland,66-470,265-723-3442
884,47075 Corben Plaza,Madagascar,,950-912-4205
885,19 Clemons Pass,Czech Republic,788 14,984-441-4206
886,089 Longview Drive,Panama,,308-449-2314
887,6 Vermont Court,Argentina,3580,508-205-5877
888,286 Pleasure Alley,Vietnam,,920-159-9271
889,9 Claremont Road,Russia,659642,457-827-1496
890,46 Pearson Way,China,,791-169-0777
891,92724 Darwin Plaza,China,,361-262-7632
892,9 Norway Maple Lane,Czech Republic,391 02,192-394-7142
893,227 Westerfield Lane,France,81017 CEDEX 9,824-184-9292
894,2 Rigney Drive,China,,592-798-5777
895,72 Atwood Circle,Uganda,,658-989-1456
896,294 Linden Place,Russia,452040,114-673-0349
897,90361 Carey Circle,United States,10150,212-899-9085
898,37 Eastlawn Plaza,Costa Rica,11005,894-574-7724
899,4495 Fremont Terrace,Poland,82-100,680-627-4715
900,048 Wayridge Road,Poland,87-337,316-111-1702
901,09 Manley Crossing,Indonesia,,639-909-2836
902,28809 Redwing Way,China,,556-414-6067
903,46116 Village Crossing,Panama,,759-477-7786
904,76202 Shopko Pass,China,,275-755-1617
905,959 Cherokee Lane,Indonesia,,614-591-7270
906,867 Redwing Drive,Indonesia,,160-702-4421
907,36171 Kinsman Court,China,,777-590-1701
908,98457 Del Sol Park,Indonesia,,109-642-7396
909,39275 Briar Crest Hill,Indonesia,,271-297-6736
910,74 8th Junction,Indonesia,,951-307-0904
911,86313 Meadow Ridge Trail,Poland,63-810,976-265-8433
912,28724 Corben Alley,China,,244-725-3352
913,909 Mallory Drive,China,,441-634-0051
914,8236 Anzinger Street,Malaysia,53100,556-171-0940
915,055 Di Loreto Road,Peru,,918-848-4383
916,4 Goodland Parkway,Kiribati,,846-128-3056
917,5 Mallard Park,Russia,658640,911-412-9213
918,541 Myrtle Pass,China,,998-495-0081
919,26 Pleasure Junction,Indonesia,,479-526-1602
920,07261 Tennyson Road,Sweden,174 59,332-635-4575
921,60 Blackbird Road,China,,623-706-9120
922,10 Butterfield Park,Iran,,797-634-7763
923,61167 Magdeline Road,Czech Republic,263 01,892-202-9917
924,57348 Mendota Circle,Brazil,65420-000,525-879-0468
925,221 Morrow Place,Philippines,2712,787-517-0162
926,6307 Moland Center,China,,428-332-1576
927,3 Crest Line Road,Indonesia,,107-732-4144
928,87 Donald Crossing,China,,420-795-9794
929,276 Chinook Pass,China,,413-510-1366
930,6603 Paget Terrace,Azerbaijan,,659-579-2176
931,0 Jenifer Way,Indonesia,,714-666-6516
932,43 Ilene Center,Belarus,,655-762-2149
933,51510 Sullivan Place,Indonesia,,270-393-3334
934,49445 Farmco Way,Croatia,10436,990-969-5737
935,6671 Buhler Road,Indonesia,,880-856-2328
936,689 Fairview Pass,New Zealand,3544,619-817-7730
937,662 Charing Cross Hill,Morocco,,152-755-9458
938,34931 Hintze Pass,China,,861-379-2571
939,02043 Westridge Pass,Indonesia,,722-386-0938
940,1513 Myrtle Place,China,,552-731-3598
941,764 Pepper Wood Pass,Japan,937-0814,986-559-8147
942,093 Brown Circle,China,,281-835-7965
943,27 Knutson Avenue,United States,68117,402-101-7670
944,40093 Manitowish Trail,Oman,,923-735-0314
945,2 Kensington Alley,China,,784-546-6290
946,0 Lawn Park,Sweden,241 32,433-705-8466
947,42 Del Sol Street,China,,906-899-1100
948,23 Charing Cross Center,Russia,676150,762-285-8721
949,1 Elka Drive,Myanmar,,795-503-4422
950,153 Banding Parkway,Iran,,394-607-0202
951,32449 Washington Circle,China,,255-844-0490
952,49 Ohio Junction,Brazil,95880-000,793-936-0081
953,6 Hermina Alley,Ukraine,,557-328-6032
954,825 Browning Trail,Palestinian Territory,,845-167-1017
955,0 Loomis Place,Thailand,83120,254-759-0492
956,0 Sloan Court,Ukraine,,857-288-6662
957,669 Nevada Alley,Brazil,55290-000,166-984-8442
958,53 Dahle Parkway,Philippines,2814,847-893-9686
959,9 Dunning Court,Thailand,53160,718-734-1710
960,12 Redwing Road,Croatia,10020,554-661-5089
961,664 Melvin Street,Czech Republic,345 34,969-699-9940
962,30 Reinke Center,Ireland,F94,470-276-8965
963,70 Victoria Drive,China,,890-934-7358
964,2220 Carioca Street,United States,46857,260-272-7224
965,47 Green Plaza,Kenya,,665-963-9387
966,0 Thackeray Court,Brazil,95590-000,745-747-6055
967,86516 Fordem Drive,China,,392-640-3375
968,3832 Gina Hill,France,41965 CEDEX 9,406-461-4669
969,34715 Scoville Way,Brazil,84240-000,985-806-3890
970,630 Wayridge Drive,Japan,999-1413,440-528-0425
971,367 Oak Valley Avenue,Indonesia,,332-459-5833
972,0997 Killdeer Drive,Czech Republic,763 61,619-893-6103
973,6694 Michigan Lane,China,,200-409-4872
974,0 Artisan Point,Thailand,67270,802-912-3210
975,36 North Place,France,67200,698-877-4790
976,61 Maple Wood Hill,Costa Rica,10801,637-284-3381
977,30241 Stoughton Avenue,Ivory Coast,,967-329-1487
978,9881 Laurel Point,Indonesia,,708-603-0110
979,46197 Leroy Place,South Korea,,678-848-1754
980,9 Knutson Avenue,France,33911 CEDEX 9,661-223-5070
981,7911 Hauk Point,Bahamas,,613-740-4005
982,0 Manley Center,Burkina Faso,,536-330-1303
983,64792 Melby Street,Argentina,4124,412-328-0590
984,4605 Northport Park,Ireland,P24,348-275-9728
985,8 6th Street,Denmark,1457,526-701-6525
986,7630 Northfield Avenue,Poland,54-622,291-258-2058
987,94 Carioca Parkway,Brazil,59258-000,194-450-4356
988,2 Miller Way,Portugal,5470-332,293-596-8123
989,99 Debs Plaza,Poland,95-036,862-899-4722
990,0 American Center,Bosnia and Herzegovina,,272-369-5108
991,38 Fairfield Drive,Vietnam,,475-784-2082
992,4317 John Wall Trail,China,,727-928-2775
993,4 Scott Court,Argentina,5444,599-642-8672
994,7836 Shasta Parkway,Bangladesh,7042,904-968-4162
995,45 Kensington Plaza,Portugal,1885-029,429-636-6341
996,57006 Clemons Avenue,China,,674-958-9170
997,45 Spohn Junction,Japan,853-0704,686-331-6759
998,8225 Division Street,Portugal,4800-230,226-399-0121
999,3 Cardinal Park,Brazil,89340-000,858-958-5540
1000,8893 Myrtle Lane,Yemen,,117-159-1345
